{
  "persons" : [ {
    "name" : "Alex Yeoh",
    "phone" : "87438807",
    "email" : "alexyeoh@example.com",
    "address" : "Blk 30 Geylang Street 29, #06-40",
    "tags" : [ "friends" ]
  }, {
    "name" : "Bernice Yu",
    "phone" : "99272758",
    "email" : "berniceyu@example.com",
    "address" : "Blk 30 Lorong 3 Serangoon Gardens, #07-18",
    "tags" : [ "colleagues", "friends" ]
  }, {
    "name" : "Charlotte Oliveiro",
    "phone" : "93210283",
    "email" : "charlotte@example.com",
    "address" : "Blk 11 Ang Mo Kio Street 74, #11-04",
    "tags" : [ "neighbours" ]
  }, {
    "name" : "David Li",
    "phone" : "91031282",
    "email" : "lidavid@example.com",
    "address" : "Blk 436 Serangoon Gardens Street 26, #16-43",
    "tags" : [ "family" ]
  }, {
    "name" : "Irfan Ibrahim",
    "phone" : "92492021",
    "email" : "irfan@example.com",
    "address" : "Blk 47 Tampines Street 20, #17-35",
    "tags" : [ "classmates" ]
  }, {
    "name" : "Roy Balakrishnan",
    "phone" : "92624417",
    "email" : "royb@example.com",
    "address" : "Blk 45 Aljunied Street 85, #11-31",
    "tags" : [ "colleagues" ]
  }, {
    "name" : "John Doe",
    "phone" : "98765432",
    "email" : "johnd@example.com",
    "address" : "311, Clementi Ave 2, #02-25",
    "tags" : [ "owesMoney", "friends" ]
  } ]
}